{
  "project_info": {
    "project_number": "136373914959",
    "firebase_url": "https://chat-box-3e00d.firebaseio.com",
    "project_id": "chat-box-3e00d",
    "storage_bucket": "chat-box-3e00d.appspot.com"
  },
  "client": [
    {
      "client_info": {
        "mobilesdk_app_id": "1:136373914959:android:6985907faff5d12277893a",
        "android_client_info": {
          "package_name": "com.example.chatbox"
        }
      },
      "oauth_client": [
        {
          "client_id": "136373914959-cecoa4342ich2piv7abggcoegcjlrj1p.apps.googleusercontent.com",
          "client_type": 1,
          "android_info": {
            "package_name": "com.example.chatbox",
            "certificate_hash": "d98fad45b8c670cb694020632fb7aea6e3e7c3fa"
          }
        },
        {
          "client_id": "136373914959-sve6nun5knokrrdrkqv0j1fcbq3gjjjb.apps.googleusercontent.com",
          "client_type": 3
        }
      ],
      "api_key": [
        {
          "current_key": "AIzaSyAyYVKsa-xZij7yNMJ9C3Tjf91Gl4EZjTs"
        }
      ],
      "services": {
        "appinvite_service": {
          "other_platform_oauth_client": [
            {
              "client_id": "136373914959-sve6nun5knokrrdrkqv0j1fcbq3gjjjb.apps.googleusercontent.com",
              "client_type": 3
            }
          ]
        }
      }
    }
  ],
  "configuration_version": "1"
}